tweet_id,user,text,num_comments,num_retweets,num_views,timestamp
1620486017202655234,@CryptoRelief_,Updates on @cryptorelief_ as we evolve from emergency relief to strategic public health funding. A thread 1/n,9,4,"6,946",2023-01-31T18:15:48.000Z
1632679268324085760,@CryptoRelief_,"@maharashtracsr was an excellent opportunity to bring together leaders across sectors, corporates & CSOs to share experiences and ideas on social responsibility. CRF was one of the recipients to be recognized for creating a positive impact on Health Systems of Maharashtra state.",2,3,884,2023-03-06T09:47:25.000Z
1632679274519097345,@CryptoRelief_,@DFYIndia @UNICEF #CryptoRelief #maharashtracsr #Csr,1,1,504,2023-03-06T09:47:27.000Z
1629127762677219328,@CryptoRelief_,"Through funding from @CryptoRelief_ and its partner @GiveIndia , CrisprBits has extended the application of its OmiCrisp platform to wastewater surveillance. https://health.economictimes.indiatimes.com/news/diagnostics/crisprbits-develops-omicrisp-crispr-based-test-to-detect-omicron-non-omicron-variants/97377329… (1/2) ..",2,4,"1,088",2023-02-24T14:35:01.000Z
1629127769950126080,@CryptoRelief_,Wastewater surveillance can provide valuable information for pandemic preparedness and a robust pathogen detection method is a key step for this. https://linkedin.com/feed/update/urn:li:activity:7034737669691584512… (2/2),1,2,473,2023-02-24T14:35:02.000Z
1549116679514296321,@CryptoRelief_,"1/4 Q. What is common between *IIT-Madras, IISc Bangalore & IIT-Delhi (top-3 research institutes of India as per NIRF)?* Ans. CRYPTO RELIEF @CryptoRelief_ Read more to know how. NIRF ranking: https://nirfindia.org/2022/researchranking.html…",16,2,0,2022-07-18T19:39:32.000Z
1549116685285670913,@CryptoRelief_,"3/4 @CryptoRelief_ <> @iiscbangalore CR donated $1 Million to help establish genome sequencing facility , once again making India ready to tackle virology challenges of future.",12,1,0,2022-07-18T19:39:33.000Z
1549116687550599168,@CryptoRelief_,4/4 @CryptoRelief_ <> @iitdelhi CR partnered with USAID & IIT-D under Samridh program which will provide grant to innovative startups. This will help bringforth health sector innovation in the country.,9,1,0,2022-07-18T19:39:34.000Z
1548761546284736513,@sandeepnailwal,"1/4 Q. What is common between *IIT-Madras, IISc Bangalore & IIT-Delhi (top-3 research institutes of India as per NIRF)?* Ans. CRYPTO RELIEF @CryptoRelief_ Read more to know how.",30,47,0,2022-07-17T20:08:21.000Z
1546757281072566272,@SELCOFoundation,"To strengthen grassroots accessibility to basic healthcare facilities in Odisha, we have partnered with @CryptoRelief_ , @nhmodisha and the Govt. of Odisha. With this program we hope to build healthy and resilient communities. @sandeepnailwal",16,9,0,2022-07-12T07:24:07.000Z
1547263815284555776,@CryptoRelief_,CPR is the single most important thing anyone can do during an emergency. CPR helps keep oxygenated blood flowing to the brain and other crucial organs until normal heart rhythm is restored,11,0,0,2022-07-13T16:56:54.000Z
1546912771014819840,@CryptoRelief_,@CryptoRelief_ along with @SELCOFoundation supported the initiative to install sustainable solar energy solutions and efficient medical equipment that will be integrated across 1278 healthcare facilities in 10 chosen districts.,6,2,0,2022-07-12T17:41:59.000Z
1546541562058129408,@CryptoRelief_,"The #healthcare sector needs uninterrupted power supply as they cannot afford to lose a single hour of utility. #Solar power can be used to run entire hospital infrastructures that require continuous 24×7 operation such as MRI machines, ventilators and air conditioning units.",7,1,0,2022-07-11T17:06:56.000Z
1545805605843046400,@CryptoRelief_,Looking at the number of critical care equipments that CryptoRelief has sent to different regions of India. The ethos of @CryptoRelief_ will always be to help people of India. #indiafightscorona #covid #covid19 #pandemic #initiative #helpinghands #medicalequipment,13,10,0,2022-07-09T16:22:30.000Z
1545746639121289216,@SELCOFoundation,"In partnership with @CryptoRelief_ , Govt of Nagaland & the @NagalandNhm , our #decentralized and solar powered solutions for healthcare projects in #Mon district of #Nagaland are off to a great start. Grateful for your support @sandeepnailwal ! @MoHFW_INDIA @DEO_MonDistrict",9,9,0,2022-07-09T12:28:12.000Z
1545437747321933824,@CryptoRelief_,@CryptoRelief_ has granted 1 million dollars to establish a wastewater-based epidemiology research facility at IIT Madras. The facility will act as an intelligence unit to track and prevent a virus outbreak in its early stages. #covid #Socialimpact #pandemic,12,6,0,2022-07-08T16:00:46.000Z
1533737303843405824,@heartfulness,We are grateful for the generous contribution from @CryptoRelief_ to the Voice That Cares initiative launched by @heartfulness Institute and @ROCF__ . pandemic.,9,19,0,2022-06-06T09:07:23.000Z
1533486354260234241,@CryptoRelief_,"@CryptoRelief_ along with @RCRCIndia and @enhfoundation launched a large-scale intervention in July 2021, to promote COVID-appropriate behaviour, address vaccination myths and hesitancy and facilitate access to vaccination within rural areas of Uttar Pradesh #COVID19 #Crypto",10,1,0,2022-06-05T16:30:12.000Z
1532785827377725440,@CryptoRelief_,"As an effort to help people affected by the pandemic in every way, @CryptoRelief_ supported an initiative with Samarthan in Panna, Madhya Pradesh, and Kanker, Chhattisgarh to provide relief to communities. #socialimpact #COVID19",13,1,0,2022-06-03T18:06:33.000Z
1532413842407718912,@CryptoRelief_,"In a bid to tackle the threat of the third wave, Crypto Relief supported the @DFYIndia initiative to ensure preparedness of health infrastructure in the rural areas.",12,3,0,2022-06-02T17:28:25.000Z
1532413846392283136,@CryptoRelief_,"During this Omicron crisis in January 2022, with the support of @CryptoRelief_ , @DFYIndia supported and helped run 11 COVID hospitals with more than 1250 beds, including 130 ICU and HDU beds, as well as pediatric COVID care, COVID home isolation, and COVID testing & vaccination",8,1,0,2022-06-02T17:28:26.000Z
1532037800689909765,@CryptoRelief_,"@CryptoRelief supported the Udyogini foundation to make available food, nutrition and medical aids to the vulnerable families in Uttarakhand and Madhya Pradesh. The project focused on creating awareness about vaccines through mobile vans and provided medical aids to families.",15,0,0,2022-06-01T16:34:10.000Z
1532037804431114240,@CryptoRelief_,Uttarakhand and Madhya Pradesh were identified as the most vulnerable places where the families needed immediate COVID relief and support. Mawai and Joshimath were the two remotest blocks that were selected in the states to implement this project. #cryptorelief #socialimpact,8,0,0,2022-06-01T16:34:11.000Z
1531328358046486528,@CryptoRelief_,CryptoRelief supported Parivaar organisation’s initiative to provide freshly cooked meals twice a day to the needy in 30 villages of Madhya Pradesh. #socialimpact #covid #pandemic #crypto #cryptorelief,13,0,0,2022-05-30T17:35:05.000Z
1530959383533867009,@CryptoRelief_,"Second wave of Covid left many poor and vulnerable families without any source of support. They not only lost their daily income and assets, but also their sources of food. This placed them at greater risk of hunger and low immunity due to undernourishment. #COVID19 #pandemic",10,1,0,2022-05-29T17:08:55.000Z
1530959387879264260,@CryptoRelief_,"To help these communities, @CryptoRelief_ supported the initiative by @CIF02 (Children of India Foundation) to provide ration kits to many vulnerable families across different states of the country during the pandemic! #CryptoNews #Socialimpact",10,0,0,2022-05-29T17:08:56.000Z
1530959390076981249,@CryptoRelief_,"This initiative helped families take care of their immunity and strength to fight COVID-19 through the distribution of healthy diet kits that fit local consumption patterns. It helped to provide food security, fight malnutrition and reduce the impact of COVID-19 on children.",8,0,0,2022-05-29T17:08:57.000Z
1530237624077942786,@CryptoRelief_,"CryptoRelief supported the @goonj Relief and rehabilitation efforts towards Covid-19 by providing food and medical facilities to the affected communities such as the differently abled, HIV+, sex workers, devadasis and many more #covid #pandemic #socialimpact #covid_19",10,0,0,2022-05-27T17:20:54.000Z
1529881016202326017,@CryptoRelief_,"@CryptoRelief_ CryptoRelief supported the self reliant initiative- Swastha Pahad by Joint Action @srijanofficial and Society for Himalayan Ecology and Geography (SHEG) in collaboration with multiple NGOs, SHGs, and individuals on the ground to save villages in Uttarakhand.",14,1,0,2022-05-26T17:43:52.000Z
1529881019620691969,@CryptoRelief_,"'Swastha Pahad' initiative focused on COVID relief work, covering 750+ villages in remote areas across the hill districts of Uttarakhand, with a population of more than a million people, mostly women and children. #Socialimpact #covid #cryptocurrency",8,0,0,2022-05-26T17:43:53.000Z
1529791561675862016,@DFYIndia,"@DFYIndia with the #partnership of @CryptoRelief_ running OPD at rural area along with MMU camp where we give #Awareness and take followup of patients at OPD at Community Health Center, #Marwah, #Chhattisgarh @doctorrajat @ravikantkem @SaketJhaDFY @NITIAayog @MoHFW_INDIA",7,2,0,2022-05-26T11:48:25.000Z
1516506421051162624,@CryptoRelief_,How to buy? Visit the link in bio to purchase NFTs from our #GuardianAnimal series.,8,0,0,2022-04-19T19:58:00.000Z
1516505187556655105,@CryptoRelief_,"Vaccination Update- April 19, 2022 #COVID19 #covidindia",14,0,0,2022-04-19T19:53:06.000Z
1516446757139656705,@CryptoRelief_,"@CryptoRelief_ supported @DFYIndia to launch the Integrated Command Center (ICC) in #Nainital District, Uttarakhand. The center was inaugurated by Honorable Health Minister of Uttarakhand, Shri Dhan Singh Rawat. #India #Covid19 #Integratedcommandcenter #Uttarakhand #health",10,1,0,2022-04-19T16:00:55.000Z
1516426923106308105,@CryptoRelief_,The fourth NFT from our #GuardianAnimal collection is Simurgh ~ Simurgh is thought to possess all knowledge of the world. It is said that he has seen the destruction of the world three times over.,9,0,0,2022-04-19T14:42:06.000Z
1516426928898678793,@CryptoRelief_,Why this NFT? The collection of Guardian Animal NFTs was designed by India-based artists from EY. All the proceeds from this sale will be utilized for projects that aim to create a significant #healthcare impact in Indian communities.,5,0,0,2022-04-19T14:42:08.000Z
1516426931050274836,@CryptoRelief_,How to buy? Visit the link in bio to purchase NFTs from our #GuardianAnimal series.,3,0,0,2022-04-19T14:42:08.000Z
1516113091683319811,@CryptoRelief_,The third NFT from our #GuardianAnimal collection is JATAYU ~ Jatayu is the demi-god who has the form of a vulture in Ramayana. Jatayu is the ‘King of vultures’. More details,4,1,0,2022-04-18T17:55:03.000Z
1516113094208258048,@CryptoRelief_,"In Ramayana, when Ravana was abducting Sita, a fierce battle took place between him and Jatayu. Jatayu fought valiantly with Ravana but Ravana defeated him, clipping his wings, and Jayatu fell to earth. Jatayu lived long enough to inform about Sita’s abduction to Rama.",4,0,0,2022-04-18T17:55:04.000Z
1516113095995064322,@CryptoRelief_,Why this #NFT? The collection of Guardian Animal NFTs was designed by India-based artists from EY. All the proceeds from this sale will be utilized for projects that aim to create a significant #healthcare impact in Indian communities.,4,0,0,2022-04-18T17:55:04.000Z
1514664661345464344,@CryptoRelief_,"The second NFT from our #GuardianAnimal collection is MAYURA ~ Mayura, the peacock, was created from one of the feathers of Garuda (A carrier of Lord Vishnu). More details",12,6,0,2022-04-14T17:59:31.000Z
1514664668152827904,@CryptoRelief_,The collection of Guardian Animal NFTs was designed by India-based artists from EY. All the proceeds from this sale will be utilized for projects that aim to create a significant #healthcare impact in Indian communities. How to buy?,9,0,0,2022-04-14T17:59:32.000Z
1514664671751512067,@CryptoRelief_,"If you wish to support us in creating this social impact by buying this NFT, you can visit this link - https://opensea.io/collection/relief-token?tab=activity… #NFTCommunity #nftart #Blockchain #BlockChainForImpact",7,1,0,2022-04-14T17:59:33.000Z
1513799307954364419,@CryptoRelief_,NFTs Social Impact https://opensea.io/collection/relief-token… #NFTCommumity #NFTartwork #Blockchain,13,3,0,2022-04-12T08:40:54.000Z
None,user,text,0,0,0,0
1513548720859926530,@CryptoRelief_,"If you still haven't got your #GuardianAnimal NFT, visit https://opensea.io/collection/relief-token?tab=activity… & buy one NOW! The proceeds from the sales of these #NFTs will be utilized for projects that aim to create a significant #healthcare impact in Indian communities. #NFTCommunity #nftart #NFTartist",16,5,0,2022-04-11T16:05:10.000Z
1509839301248688135,@CryptoRelief_,"If you're joining today's spaces, this one is for you. @unstoppableweb has a special GIVEAWAY in which they are giving $100 promo credit to whoever enters the SECRET word from this Twitter spaces. Here's how it works",12,3,0,2022-04-01T10:25:15.000Z
1509839303752708096,@CryptoRelief_,Join twitter spaces today at 6:30 PM IST. The secret word will be mentioned by our speakers during the spaces session. Keep a note of it Visit this link and enter the secret word to get $100 credit. https://unstoppabledomains.typeform.com/polygonxud #NFTGiveaway #NFTartists #Cryptoart,11,8,0,2022-04-01T10:25:16.000Z
1509827750332628993,@CryptoRelief_,Join the conversation on 'How leveraging #NFTs for social impact will be helpful in increasing accessibility of healthcare in India' with @pbrody @sandeepnailwal and @AjeetK Time: 6:30 PM IST Set a reminder https://twitter.com/i/spaces/1BdGYwWlLPXxX…,8,6,0,2022-04-01T09:39:21.000Z
1509570952644165633,@CryptoRelief_,Are you ready? Watch out this space for the announcement tomorrow. #NFTCommunity #NFTartist #nftart,10,10,0,2022-03-31T16:38:56.000Z
1509200169044418567,@CryptoRelief_,This one is for #NFT Enthusiasts. Checkout this space for a special announcement on 01.04.2022 #NFTCommunity #NFTartist #socialimpact,13,7,0,2022-03-30T16:05:34.000Z
1508158896095260672,@CryptoRelief_,"Vaccination Update - March 21, 2022 #India #COVID19",15,3,0,2022-03-27T19:07:55.000Z
1507393603189964812,@CryptoRelief_,"Vaccination Update - March 18,2022 @NHMMeghalaya @SauraMandala @GiveIndia @VaccineOnWheels @USAID",16,4,0,2022-03-25T16:26:55.000Z
1506912136710131714,@CryptoRelief_,"On #WorldTuberculosisDay , Crypto Relief kits were distributed to TB patients in Solapur. #TuberculosisDay",19,5,0,2022-03-24T08:33:45.000Z
1506533706214739968,@CryptoRelief_,Vaccination Update (Meghalaya) Number of doses administered and routine immunization done in Meghalaya. This initiative is supported by @CryptoRelief_ under the District Pandemic Response effort with @SauraMandala and @NHMMeghalaya as the government partner. #COVID19,14,3,0,2022-03-23T07:30:00.000Z
1481938181532848129,@SELCOFoundation,"Through @sandeepnailwal 's @CryptoRelief_ , we are strengthening 1200+ health facilities with solar & efficient equipment across 10 districts in 5 States. Well equipped health centers are crucial to stand strong against pandemic & beyond. #omicron #cryptorelief #blockchainforimpact",25,20,0,2022-01-14T10:36:10.000Z
1494194408962420736,@bitinning,"On Republic Day, we recognized the efforts of the COVID warriors ( @CryptoRelief_ & team). Audio Podcast: - https://youtu.be/nwcgXoRNu_Y - https://open.spotify.com/episode/3GYSMdFqrSfN2gy5HlRSt4… Speakers: @Harishhande | @shalinih | @ravikantkem | @vijaychandru | @sandeepnailwal | @a__punit",21,5,0,2022-02-17T06:18:02.000Z
1492162364489474053,@mission_icu,"9 locations, 90 ICU Beds in total! We have successfully inaugurated new 10 ICU beds facility in Sub-District Hospital Shirala, Maharashtra with the support of @CryptoRelief_ Thank you @USAID @SamridhHealth for helping us leverage our solution.",21,4,0,2022-02-11T15:43:25.000Z
1492187795141820416,@SELCOFoundation,"Inauguration of DRE - Health solutions in PHC at Yelleri, Yadgir in Karnataka. With the partnership of @CryptoRelief_ & @MoHFW_INDIA , @SELCOFoundation is strengthening Yadgir's public health facilities with DRE & Efficient Equipment. A step closer to sustainable health delivery!",16,4,0,2022-02-11T17:24:28.000Z
1490709159469191169,@CryptoRelief_,Transparency update: We’re converting 25 million USDC to USD. https://etherscan.io/tx/0x74ec82af41cce53c3b74e4892040d3dff14cec2f097895a06ab7275cd05dc9af… #BlockchainForImpact #transparency #cryptocurrency,32,5,0,2022-02-07T15:28:54.000Z
1488908394073186304,@CryptoRelief_,Proudly presenting the number of medical equipments and where they were deployed from April 2021 - Jan 2022. These equipments included general medical equipments as well as special critical equipments. (1/3),35,18,0,2022-02-02T16:13:18.000Z
1488908397369970691,@CryptoRelief_,"Till date we have deployed 2 Genome sequencing machines. These machines help in early detection of the virus. Along with these, 1 ECMO, 30 HFNC were also deployed. (2/3)",9,0,0,2022-02-02T16:13:19.000Z
1488908399756541955,@CryptoRelief_,"1 Mass spectrometer, 6 PSA plants and 135 ventilators were also deployed in various states of #india. Visit https://updates.cryptorelief.in if you want regular updates about the initiatives we take and their impact. (3/3) #IndiaFightsCorona #COVID19 #BlockchainForImpact #CoronaUpdate",16,1,0,2022-02-02T16:13:19.000Z
1487101197693579269,@CryptoRelief_,Thanks a lot for acknowledging our work @VitalikButerin #BlockchainForImpact,100,18,0,2022-01-28T16:32:09.000Z
1487073878081822729,@VitalikButerin,You can also follow along CryptoRelief's existing and future excellent work at their transparency page:,391,395,0,2022-01-28T14:43:35.000Z
1487076079453945858,@CryptoRelief_,Cryptorelief enables Vitalik's accelerated funding for global Biotechnology & Medical Science projects by contributing 100mn USD for the same.,16,10,0,2022-01-28T14:52:20.000Z
1486999880379731975,@CryptoRelief_,"In South Sikkim, our partners @heartfulness and @ROCF__ will be building infrastructure capability for the new #COVIDCentre, and supporting district hospitaland primary healthcare centers. (20/n) #COVIDResponse #PandemicPrepapredness",21,3,0,2022-01-28T09:49:33.000Z
1486984204889911298,@CryptoRelief_,"Through a collaborative partnership with @ROCF__ and @heartfulness , we are joining forces to build community resilience in Nizamabad district, Telangana.(19/n) #PandemicPreparedness #COVIDResponse",21,3,0,2022-01-28T08:47:15.000Z
1480583314855829505,@CryptoRelief_,"- Tau Devi Lal Stadium, Gurugram, Haryana - KPTCL Yelahanka Hospital, Bengaluru, Karnataka - SRA, Mumbai, Maharashtra - Covid Hospital, Patlipura Stadium, Patna, Bihar - Railway Hospital, Lucknow, Uttar Pradesh (2/n)",4,0,0,2022-01-10T16:52:24.000Z
1480583318403891201,@CryptoRelief_,"- PHC Nuh, Mewar, Haryana - Vistex Masarhi Hospital, Bihar - CHC Lasadiya, Udaipur, Rajasthan - Covid Hospital Pulwama, JnK - CHC Marwahi, Marwahi, Chattisgarh (3/n)",4,0,0,2022-01-10T16:52:25.000Z
1480418339511955459,@CryptoRelief_,Genome Sequencing is necessary for developing effective control and preventive measures for #COVID19. The government of India has mandated that Genomic Surveillance should be done for 5% of the COVID positive cases. (1/n),13,5,0,2022-01-10T05:56:51.000Z
1480418342229843969,@CryptoRelief_,"In support of this #Initiative , @CryptoRelief_ is supporting State Government recognized Labs to expand its Genome Sequencing capabilities and help in faster surveillance. (2/n) #IndiaFightsCorona",5,0,0,2022-01-10T05:56:52.000Z
1479812833852342273,@CryptoRelief_,- Bilaspur - Chhattisgarh - Jan Swasthya Sahyog - Dindori - Madhya Pradesh - Jan Swasthya Sahyog - North Goa - Sangath - South Goa - Sangath - East Sikkim - Heartfulness (8/n),4,2,0,2022-01-08T13:50:47.000Z
1479812836457025536,@CryptoRelief_,- Anuppur - Madhya Pradesh - Jan Swasthya Sahyog - Nuh - Haryana - Doctors For You - Doddaballapur - Bangalore - Doctors For You - Pulwama - Jammu and Kashmir - Doctors For You (9/n),4,2,0,2022-01-08T13:50:48.000Z
1478290974807715841,@CryptoRelief_,"\"\"\"This is why we're here. To make each other feel safe\"\" #HelpingHands #IndiaFightCorona #quotesoftheday\"",18,1,0,2022-01-04T09:03:28.000Z
1478039364672184320,@CryptoRelief_,@DFYIndia has established 5 Covid hospitals across #India as a part of 3d wave #Covid_19 support through our initiative. (1/2),35,40,0,2022-01-03T16:23:39.000Z
1478039367557861379,@CryptoRelief_,"The centers have a total capacity of 1000 beds, with 70 ICU beds & 130 pediatrics beds. The centers are created in collaboration with district administration and state health department. All hospitals are established in highly susceptible locations across India. #COVID19",9,2,0,2022-01-03T16:23:40.000Z
1478030139099385859,@sandeepnailwal,We @CryptoRelief_ are starting 1000 hospital beds with 70 ICU beds with 130 Pediatrics beds in India for 3rd wave of Covid-19 with Doctors For You @DFYIndia !,21,65,0,2022-01-03T15:47:00.000Z
1478025817569435654,@DFYIndia,"Through @sandeepnailwal 's Cryptorelief Initiative, we hv strtd 5 hospitals in highly susceptible locations across India. DFY is able to start 1000 beds with 70 ICU beds with 130 Pediatrics beds in India during 3rd wave of Covid-19. #omicron #DFY #cryptorelief #blockchainforimpact",8,16,0,2022-01-03T15:29:49.000Z
1478035322814427136,@CryptoRelief_,"The centers have a total capacity of 1000 beds, with 70 ICU beds & 130 pediatrics beds. The centers are created in collaboration with district administration and state health department. All the hospitals have been started in highly susceptible locations across India. (2/2)",6,0,0,2022-01-03T16:07:36.000Z
1477146318871023618,@CryptoRelief_,Let's look forward to a healthier and happier new year. Happy New Year Everyone! #NewYear2022,12,1,0,2022-01-01T05:15:01.000Z
1476471701114286082,@CryptoRelief_,144 Crore #Covid vaccine doses administered in India. What a stellar achievement for #India ! #IndiaFightsCorona #vaccine #COVID19,9,3,0,2021-12-30T08:34:19.000Z
1475806696161173505,@CryptoRelief_,"Augmenting the public healthcare infrastructure, one step at a time. Checkout this article to know more about this partnership https://updates.cryptorelief.in/p/cryptorelief-has-partnered-with-10bedicu… #healthcare #IndiaFightsCorona",20,16,0,2021-12-28T12:31:50.000Z
1469522894052990977,@CryptoRelief_,"So far, Crypto Relief has supported the project to add 340 ICU Beds with 24 ICU Units in Karnataka and 10 ICU Units in Andhra Pradesh. (4/4) #healthcare #healthcareinindia #India #initiative",13,1,0,2021-12-11T04:22:15.000Z
1467500560009994249,@iBiharOrg,life-saving equipment for Rajdhani Express supported by I-Bihar and Samuday @PIIndiaOrg @ANISBARI1 @ghanshyamtiwari @CryptoRelief_,16,12,0,2021-12-05T14:26:13.000Z
1464276496449634306,@CryptoRelief_,We're happy to partner with @SELCOFoundation and @MoHFW_INDIA to Strengthen Health Infrastructure with Sustainable Energy Solutions. (1/2),19,5,0,2021-11-26T16:54:56.000Z
1464276499716997128,@CryptoRelief_,"In the first phase sustainable solar energy solutions and efficient medical equipment will be integrated across 1278 healthcare facilities in 10 chosen districts within states of Karnataka, Manipur, Meghalaya, Nagaland and Odisha. (2/2) #healthcare #sustainability",19,1,0,2021-11-26T16:54:57.000Z
1464121203472228356,@CryptoRelief_,We’re pleased to announce that @CryptoRelief_ has donated Rs 3.2 crore to @GiveIndia 's ‘Vaccinate India Programme’ in collaboration with Project Swaraksha. (1/5),29,29,0,2021-11-26T06:37:51.000Z
1464121213823827970,@CryptoRelief_,"Sumit Tayal, COO, GiveIndia said, “It is heartening to see India crossing the important milestone of administering 100 crore vaccines. We need to continue this momentum and build on it further. Taking the vaccine to remote locations and addressing vaccine hesitancy are.. (4/5)",11,0,0,2021-11-26T06:37:54.000Z
1464121216650788864,@CryptoRelief_,two important areas we're working on in collaboration with our partners. We are thankful to @CryptoRelief_ for the grant as it will help us and Anaxee expand our vaccination program to target the most vulnerable sections.” (5/5),16,2,0,2021-11-26T06:37:54.000Z
1459114223410159619,@CryptoRelief_,"@CryptoRelief_ and @goonj have partnered up to continue delivering a timely response to the ever-unfolding, evolving disaster - #Covid. The initiative assures that a curated solution is delivered to each and every community across the country. (1/5)",31,6,0,2021-11-12T11:01:54.000Z
1459114231547129857,@CryptoRelief_,"\"@sandeepnailwal mentioned, “We cannot address a pandemic without looking at livelihood. With the approach followed by @goonj around the dignity of the receiver, the monetary influx will assure that millions of people across India are able to live dignified lives.\"\" (4/5)\"",18,1,0,2021-11-12T11:01:56.000Z
1459114233723953154,@CryptoRelief_,"The area of focus has been on the missed-out communities- such as Transgenders, Slum Dwellers, Rag Pickers, Persons with disabilities, etc. whose sufferings have magnified due to the pandemic. (5/5)",19,0,0,2021-11-12T11:01:57.000Z
1456894915271557120,@CryptoRelief_,"It's a pleasure to announce our #Substack for stories and updates. Subscribe to learn about the initiatives, updates on the funds, transparency and understand how the initiatives are affecting your lives. Come, become part of the revolution!",156,15,0,2021-11-06T08:03:10.000Z
1447458178497593352,@USAID_NISHTHA,"Th. Kirankumar, Deputy Commissioner, West Imphal, Manipur talks about 'Project Swaraksha' a model launched to address vaccine hesitancy with support from @USAID_NISHTHA , @anaxee and @CryptoRelief_ @health_manipur @usaid_india @Jhpiego",24,33,0,2021-10-11T07:04:56.000Z
1448299504051101699,@deborah_haynes,An excellent initiative @CryptoRelief_ @DFYIndia As an India based wildlife NGO with a 200+ team we know how tough the past 18mths have been. Great work! Lets support each others work. We are @WildlifeSOS rescue and rehab of India's endangered wildlife,32,3,0,2021-10-13T14:48:04.000Z
1448627163964583938,@AlwarIbtada,"#CovidResponse: A great milestone has been achieved with 35,000 people of 400 villages in Alwar, Rajasthan getting #vaccinated with help of Ibtada's efforts, and its partners, RCRC and Crypto Relief. @rapid_to @cryptorelief_",25,4,0,2021-10-14T12:30:04.000Z
1447473850136940546,@SELCOFoundation,"Energy in Health 1/2: @SELCOFoundation and @CryptoRelief_ in conversation with Shri Ram Kumar IAS, Joint Secretary, Joint Secretary & Mission Director, @NHMMeghalaya to finalise health and energy program in Meghalaya. @Manoj_Malgharia @SustainPlusSDG7",35,5,0,2021-10-11T08:07:13.000Z
1441424648873205763,@CryptoRelief_,"The $SHIB conversion is now executed. 76,215,526.65 $USDC is transferred to the Crypto Relief Wallet. https://etherscan.io/tx/0xe6d150fe50af284c7b3f89120da703d27cd63d08349bf793d6a471fd1a594c8a… (4/x)",34,35,0,2021-09-24T15:29:51.000Z
1440976522471362563,@CryptoRelief_,"It's no news on deaf ears that daily wage workers were hit worst in the pandemic. @Cryptorelief_ teamed up with @Indiayoungfoun1 to distribute 800 ration kits to the daily wage workers in the outskirts of Ranchi, who lost their jobs in lockdown. #india #healthcare #cryptorelief",28,12,0,2021-09-23T09:49:09.000Z
1440808399541735432,@sandeepnailwal,"Building off of the impact of India @cryptorelief_ , I am asking the community to support humanitarian efforts for Afghans & examine ways we can improve donor aid. @CryptoforAfg is live and the community can donate at https://cryptoforafghanistan.com/donate",15,42,0,2021-09-22T22:41:06.000Z
1440290106464563208,@Hemkunt_Fdn,"Help us amplify Keeping the third wave in mind, we would like to donate a 300 LPM #Oxygen Plant to a not-for-profit hospital anywhere in #India. The plant can support 50-100 oxygen bed facilities. Please reach us at info@hemkuntfoundation.com #COVID19",9,42,0,2021-09-21T12:21:35.000Z
1440269577116471301,@CryptoRelief_,"Chaya is ailing from a heart condition & also lost her job. With no current source of income, she was struggling to make up for her daily needs. @Cryptorelief_ along with @ngopurnkuti has been donating medical & ration distributing kits. #India #cryptorelief #CovidVSCrypto",20,3,0,2021-09-21T11:00:00.000Z
1439928656286023685,@iiscbangalore,"We are grateful to @CryptoRelief_ for funding the establishment of a viral genome sequencing lab at CIDR, IISc, and expansion of the BSL-3 facility. The lab will focus on studying #SARSCoV2, including continuous surveillance and tracking mutants & variants https://bit.ly/3CsHjvt",11,45,0,2021-09-20T12:25:18.000Z
1438159615389093894,@USAID_NISHTHA,"State level orientation conducted in Manipur on a model to address vaccine hesitancy - 'Enhancing #COVID19 Vaccination Coverage, Equity and Vaccine Confidence with support from @USAID_NISHTHA @MoHFW_INDIA @usaid_india @health_manipur @anaxee @CryptoRelief_",11,30,0,2021-09-15T15:15:46.000Z
1438747758454657026,@khaanachahiye,"Khaana chahiye reached out to mathadi kamgar community in bhuleshwar. we shared 235 kits with needy families from the community. The drive was executed by @AnikGadia , @ParasSoni07 , and @ParthSarthiShu3 . Powered by @cryptorelief_ . Team #KhaanaChahiye",10,11,0,2021-09-17T06:12:50.000Z
1438929911863934979,@CryptoRelief_,"Summary of all the $SHIBA tokens converted till date. We've converted ~80% of @VitalikButerin 's donation for a total proceeds of 387,683,398. The remaining 20% is also transferred to @wintermute_t (2/x)",93,219,0,2021-09-17T18:16:39.000Z
1438885759751102467,@FramdNFT,The #000 @sandeepnailwal will be auctioned off for the charity @CryptoRelief_ at the request of Mr Nailwal. The funds raised from the sale of the NFT will be sent by @CryptoWhalesART to the Relief fund. Interest buyers can bid here - https://opensea.io/assets/0x495f947276749ce646f68ac8c248420045cb7b5e/99930132684416092446390943398405192888922064234881656601068788393793619492865… #nft #charity,10,6,0,2021-09-17T15:21:12.000Z
1438913334443532288,@CryptoRelief_,"Crypto Relief supports @iiscbangalore to establish a Genome Sequencing Lab. The Viral genome sequencing lab, will focus on SARS-Cov-2 virus studies. These include continuous surveillance and tracking of the virus mutants and variants. Read more: https://bit.ly/3lsH5O8",47,14,0,2021-09-17T17:10:47.000Z
1438913338272976899,@CryptoRelief_,"\"\"\"The new Viral genome sequencing facility will be a great addition to the centre and will enhance the ongoing efforts to better understand SARS-Cov-2 virus evolution and its impact on our health","\"\" said Dr Ram Turaga","Chief Development Officer @iiscbangalore\"",6,0
1438913341166997508,@CryptoRelief_,"\"\"\"The genome sequencing lab will play a major role in terms of understanding the Covid-19 Virus and the mutations. This partnership will help the leading institute of India expand the state-of research facilities","\"\" said @sandeepnailwal","Founder @CryptoRelief_\"",9,0
1438887476689444866,@CryptoRelief_,Thanks @ChainflowPOS for your contribution. #CryptoForSocialGood #COVID19,9,3,0,2021-09-17T15:28:02.000Z
1435847210399244294,@Pramel73,#GREENFoundation as part of @RCRCIndia network providing vehicle facilities to Bankheri #MP health department for 100% #vaccination in remote #rural area under the @CryptoRelief_ support @VedArya1958 @a__punit @raghu_cms @Imaldris @SandipPatnayak @Bhawna2 #COVID19Vaccine,14,5,0,2021-09-09T06:07:06.000Z
1424746250612592644,@khaanachahiye,We reached out to families of 30 visually impaired individuals and 70 other families in Shelu Vangani in the outskirts of Mumbai. The drive was conducted along with KYS Kalyan ( @ShashiS28447736 ). Shoutout to @CryptoRelief_ for powering this drive. #KhaanaChahiye #HungerRelief,8,5,0,2021-08-09T14:55:51.000Z
1424262272461860864,@CryptoRelief_,Doing our bit towards education in the Covid-forward world of tomorrow It's the future and we're here for it #CryptoRelief #CryptoVsCovid #BacktoSchool2021 #education #GetVaccinatedNow #CovidIsNotOver,9,3,0,2021-08-08T06:52:41.000Z
1424201463505424387,@khaanachahiye,We shared grocery kits with Waman Mhatre Aashram for senior citizens in Titwala. The drive was facilitated by the @IDF_INDIA and @sovoindia volunteers Powered by India's Crypto Relief Fund @CryptoRelief_ #Khaanachahiye,9,15,0,2021-08-08T02:51:03.000Z
1422564643432583180,@khaanachahiye,Bursunghe Chaasole Talegaav Asole ghat Nyaywadi Karshet unroli Shoutout to @CryptoRelief_ India for enabling this drive with their kindness. #khaanachahiye #Murbad,5,9,0,2021-08-03T14:26:55.000Z
1422564065457565709,@khaanachahiye,On a sos request we shared 240 kits with families of visually impaired and differently abled folks in multiple tribal padas of #Murbad on Sunday We covered the following villages in the interiors of Murbad - Kishore Merdi Kutai Jadai Fangloshi Payerwadi,10,19,0,2021-08-03T14:24:37.000Z
1422406404262924292,@womenite,"Glad to associate with @corntroopers for their CSR activity to distribute popcorns in the slum communities near Punjabi Bagh and Peeragarhi, West Delhi. #womenite #food #hygiene #nutrition #CSR #ngo #society #community #Delhi #hunger #food #India",10,6,0,2021-08-03T03:58:08.000Z
1422418963917533187,@SeedsIndia,Kavach vaccine adoption programme reaches Raigad in #Maharashtra. In picture: Mobilisation and awareness on #Covid19 vaccines,4,2,0,2021-08-03T04:48:02.000Z
1420714166508081161,@CryptoRelief_,Always a pleasure to see our partners do what they're best at - helping people,10,2,0,2021-07-29T11:53:47.000Z
1420713621932318726,@CryptoRelief_,Proud to be a part of ongoing efforts #CryptoRelief #CryptoVsCovid,10,3,0,2021-07-29T11:51:37.000Z
1410958206306713604,@CryptoRelief_,Please follow only our official accounts Instagram: https://instagram.com/cryptorelief_ LinkedIn: https://linkedin.com/company/crypto-relief-fund… Here they are - everything else is a SCAM #CryptoRelief #CryptoVsCovid,5,1,0,2021-07-02T13:47:05.000Z
1410822220688105478,@CryptoRelief_,Our Ration Kits Drive (grocery staples) has reached several sections of the country Here's a look at where all we've spread our network Thanks to all the partners who made it possible to do this along the way #CryptoRelief #CryptoVsCovid #COVID19,9,7,0,2021-07-02T04:46:43.000Z
1410642852187492355,@CryptoRelief_,"Big thanks to @delhivery and Doctors For You, who made it possible to brand + package 600 Oxygen Concentrators procured for NGOs across the country - subtle branding prevents misuse and ensures tracking #CryptoRelief #Oxygen #CryptoVsCovid #IndiaFightsCorona",7,7,0,2021-07-01T16:53:59.000Z
1410435925583155208,@drharshvardhan,#COVID19 has only reaffirmed God-like selflessness of doctors! On #NationalDoctorsDay I join the country to pay tribute to saviours of humankind for their tireless service & express deepest condolences for those who lost their lives while answering call of duty. @MoHFW_INDIA,34,118,0,2021-07-01T03:11:43.000Z
1410573323575074816,@CryptoRelief_,"Aankhon ka sukoon, madat ka junoon The site that we work for everyday - boxes on boxes of #CryptoRelief traveling to all parts of Thanks to the entire relief ecosystem who makes this possible as #IndiaFightsCorona",18,42,0,2021-07-01T12:17:42.000Z
1409477387645947910,@CryptoRelief_,"'Ghar Ghar Teeka Abhiyaan' Partnering with some NGOs and good samaritans, we're looking forward to solving the problem of 'vaccine hesitancy' Together, we can defeat #COVID19 #MaskUpIndia #VaccinationDrive #VaccinesWork #CryptoRelief #Swaraksha #RuralIndia",12,11,0,2021-06-28T11:42:50.000Z
1410446908749848578,@CryptoRelief_,Get help from and help out with a few easy steps Abh lagega ghar ghar teeka #CryptoRelief ke saath #ProjectSwaraksha #MaskUp #vaccination #VaccinesWork #VaccinesSaveLives #RuralIndia,7,3,0,2021-07-01T03:55:22.000Z
1410243818176225283,@SonuSood,On its way. #MissionHospitalOxygen @CryptoRelief_ @roundtableindia @SoodFoundation,673,"1,109",0,2021-06-30T14:28:21.000Z
1409771897777131547,@CryptoRelief_,"Ration kits for farmers - feeding those who feed the nation Continuing our work for the most effected, with #CryptoRelief #Farmers #RuralIndia #CryptoVsCovid #AssamCovidUpdate",9,19,0,2021-06-29T07:13:07.000Z
1410125345248870404,@CryptoRelief_,"And here we are again, reaching the beautiful mountains of Jammu & Kashmir, with our Ration Kit Drive - #CryptoRelief #Kashmir #Srinagar #Jammu #CryptoVsCovid #COVID19",6,2,0,2021-06-30T06:37:35.000Z
1402655241510612996,@project_umeed,"Joining us for Artists For A Cause is the dynamic & lovely @shilparao11 with our host @mihirjoshimusic from #themjshow on the 13th of June, 8 PM onwards! Catch them have a candid conversation & sing a song or two on @SkillBoxIndia or tune into @FeverFMOfficial for all the fun!",2,5,0,2021-06-09T15:54:04.000Z
1402959825743478784,@CryptoRelief_,"It's been in the news lately, so we thought we'd share and show our support - proud to power these Oxygen Plants across the country https://missmalini.com/2021/06/10/sonu-sood-pledges-to-set-up-18-oxygen-plants-across-india-to-battle-covid-19/… #CryptoRelief #IndiaNeedsOxygen #OxygenPlants #COVID19",7,3,0,2021-06-10T12:04:22.000Z
1401116619758137346,@CryptoRelief_,"So many consignments, so little time: But that doesn't stop us from celebrating the little wins: Pictured below, medical supplies donated to Bhowali, Nainital Mandikhera - Uttarakhand OCS Foundation - Laxman Vihar, Gurgaon #CryptoRelief #COVIDEmergencyIndia",25,37,0,2021-06-05T10:00:08.000Z
1402594357077708806,@CryptoRelief_,"And another 5000 Masks reached Bhagwan Das Khetan District Hospital in Jhunjhnu, Rajasthan Thank you to all the front-liners who tirelessly work to save lives #CryptoRelief #CryptoVsCovid #MaskOn #MaskUpIndia #RajasthanFightsCovid",7,6,0,2021-06-09T11:52:08.000Z
1401849268734861312,@BansaLibrary,"Under our #RuralCovidReliefWork, we are identifying vulnerable individuals (elderly women, widow etc) in our villages & providing them One Month Dry Ration kits, we have more than 174 ration requests pending as of now, help us here pls contribute & amplify https://milaap.org/fundraisers/support-23000-population-of-bansa-and-its-19-neighbouring-villages…",5,13,0,2021-06-07T10:31:25.000Z
1402304620727209987,@PIB_India,Indian Naval Ship Tarkash on her third trip as part of Operation Samudra Setu II (Oxygen Express) brought in critical medical supplies from Kuwait and Saudi Arabia. @indiannavy READ HERE: https://pib.gov.in/PressReleasePage.aspx?PRID=1725461…,11,75,0,2021-06-08T16:40:49.000Z
1402487735751827459,@CryptoRelief_,". @EnrichLivesFndn thank you too, for helping us reach out to those who need it the most #CryptoRelief #CryptoVsCovid #MaskUpIndia #VaccinesSaveLives",5,2,0,2021-06-09T04:48:27.000Z
1401960674146746369,@project_umeed,Reposted from @FeverFMOfficial :Fever FM's 3000th post is dedicated to our ever popular ‘Artist For A Cause’ @Divine_T @cryptorelief_ @SkillBoxIndia Do follow @SkillBoxIndia to register for the event with an amazing lineup and contribute,2,5,0,2021-06-07T17:54:06.000Z
1401899249923596289,@PIB_India,Prime Minister @narendramodi addresses the Nation Government of India to provide free vaccine to all Indian citizens above 18 years of age 25 per cent vaccination that was with states will now be undertaken by Government of India: PM Read: https://pib.gov.in/PressReleasePage.aspx?PRID=1725113…,21,221,0,2021-06-07T13:50:01.000Z
1399677981174292481,@CryptoRelief_,Happy to have supported this journey More power to the people - those in need and those in deed #MaskUp #CryptoRelief #CryptoVsCovid #IndiaWantsCrypto #IndiaFightsCorona,3,3,0,2021-06-01T10:43:30.000Z
1399666787482959875,@SankethYS,"Yo 3000 masks from @CryptoRelief_ have arrived, and they’ll get repacked and dispatched. Thank you for the help @block_yogi.",1,5,0,2021-06-01T09:59:01.000Z
1399251089455677441,@IndiainSingapor,"INS Airavat @indiannavy sailed from with 7 ISO O2 tanks, 2272 oxygen cylinders(450 filled) and 10 ventilators on May 29. Result of procurement efforts by @IndianOilcl @iimpactglobal @CavinKareIndia Indian diaspora in Brunei, @FollowCII , RGE Group and others. @MEAIndia",6,38,0,2021-05-31T06:27:11.000Z
1399160868328247299,@MEAIndia,Thank Ukraine for first shipment of 184 oxygen concentrators that arrived early this morning.,25,249,0,2021-05-31T00:28:40.000Z
1398811439125516291,@ANI,"Another consignment of AmBisome (Amphotericin B injection), used in black fungus treatment, reaches India. Total 200,000 doses already there so far: Ambassador of India to United States, Taranjit Singh Sandhu",16,128,0,2021-05-30T01:20:10.000Z
1398270447976845313,@Cointelegraph,"UAE authorities have issued a warning about ‘Dubia Coin.’ The currency saw a 1,000% jump when it launched as “the official digital currency of Dubai” earlier this week.",11,19,0,2021-05-28T13:30:28.000Z
1398022141065547778,@DXBMediaOffice,Dubai Coin cryptocurrency was never approved by any official authority. The website promoting the coin is an elaborate phishing campaign that is designed to steal personal information from its visitors.,49,296,0,2021-05-27T21:03:47.000Z
1398695451331743746,@CryptoRelief_,"Head's Up! The PSA plant arrives at Terapanth Bhawan, Delhi. Kudos to @AirFoundation2 for this initiative that organised procurement. #CryptoRelief is happy to engage and support #CryptoVsCovid #DelhiFightsCorona #IndiaFightsCorona #COVIDEmergencyIndia",5,9,0,2021-05-29T17:39:16.000Z
1398481150113288192,@Unocoin,"We love this initiative from @unstoppableweb auctioning off the India.crypto blockchain domain and an NFT artwork by @amritpaldesign . All proceeds go to @CryptoRelief_ to support the COVID relief fund in India please like, retweet the auction and most importantly bid!",1,3,0,2021-05-29T03:27:43.000Z
1398289089795821573,@CryptoRelief_,"Coming at you with another Transparency update 10% $SHIB was converted to USDC Total converted $ so far: 30% of the donation Total proceeds generated 47,988,186 $USD Transaction hash: https://etherscan.io/tx/0x015b0b3a6b446c5b3b4f25a7f13d028609ab34ef785ae5bea55f7064ad13c292… #CryptoRelief #CryptoVsCovid #IndiaFightsCorona",158,370,0,2021-05-28T14:44:32.000Z
1397945998396334085,@unstoppableweb,The auction for India.crypto is live on @opensea ! Make the highest bid on India.crypto Receive india.crypto with exclusive #NFT artwork by @amritpaldesign Your bid goes to @CryptoRelief_ Like & retweet to raise awareness! Bid here http://bit.ly/IndiaCryptoRelief…,5,40,0,2021-05-27T16:01:13.000Z
1398267310662578183,@CryptoRelief_,"When Vaccines + the power of Blockchain + Govt. = Lives are saved with every block Our founder @sandeepnailwal as he continues his work through his Day job, as much as he does through the pro-bono #CryptoRelief initiative @0xPolygon #CryptoRelief",5,18,0,2021-05-28T13:18:00.000Z
1394972559205097472,@adgpi,"#IndiaFightsCOVID19 As part of the continued fight against COVID -19, #IndianArmy #CorpsofEngineers has developed a Mobile Low-Pressure Oxygen System. The system converts Liquid Oxygen to Oxygen Gas & ensures its availability to the patients. (1/2) #Unite2FightCorona",12,415,0,2021-05-19T11:05:50.000Z
1394860787001290755,@CryptoRelief_,"The good folks at @dintoons continue to entertain us, this time with crypto puppies making their way to @sandeepnailwal where they know they're SAFU $SHIB #SlowLiquidation #EasyDoesIt #CryptoRelief #CryptoVsCovid #AllLivesMatter #LetsMarketMakeThisRight",13,9,0,2021-05-19T03:41:41.000Z
1394626316092121088,@CryptoRelief_,#TransparencyUpdate: We've transferred the next 10% SHIBA to Wintermute. https://etherscan.io/tx/0xff11894bcb1897ecfb1107d83a2d0ff62347713e5f5e830b50d4eebc09db633c… (1/2),20,14,0,2021-05-18T12:09:59.000Z
1394626317857955843,@CryptoRelief_,#TransparencyUpdate: We've also converted $5 million worth of tokens into fiat. https://etherscan.io/tx/0x20a24f18a47fb77f0f5ef690402fa593c5f5d5853a536720f193ab73bafe4481… (2/2),15,11,0,2021-05-18T12:09:59.000Z
1394549591274496001,@tanvi_ratna,"I spoke at length with #CNBC on regulatory aspects for #crypto in India. Topics covered US regulations, regulating crypto as a #commodity, #digitaldollar, covid relief @CryptoRelief_ etc @Manisha3005 @sandeepnailwal @mikejcasey",3,17,0,2021-05-18T07:05:06.000Z
1394347161907712001,@COVIDNewsByMIB,#IndiaFightsCorona: Clinical Guidance for Management of Adult #COVID19 Patients Mild disease Moderate disease Severe disease @ICMRDELHI #StaySafe #Unite2FightCorona,14,322,0,2021-05-17T17:40:43.000Z
1393813444462317569,@viagrawal,"India continues to struggle with this current wave of COVID, so I created a musicart installation on @decentraland that plays music I've composed and encourages folks to donate to @sandeepnailwal 's @CryptoRelief_ fund. Visit me on DCL for a good cause! https://play.decentraland.org/?position=78%2C75…",2,14,0,2021-05-16T06:19:55.000Z
1394169654973665282,@CryptoRelief_,"Setting the standards again @VitalikButerin Always attempting to do what's right, not what's easy. The #CryptoRelief Community stands with you as you take judicious decisions. https://twitter.com/0revenue/status/1394050695586791426…",9,18,0,2021-05-17T05:55:22.000Z
1394129968846700549,@CryptoRelief_,"Here's how the team visualizes @VitalikButerin and all his efforts in helping #CryptoRelief in India By the champions, for the champions - by the pro bono volunteers, for the selfless donors. #CryptoVsCovid #IndiaFightsCorona #OxygenShortage @balajis",117,108,0,2021-05-17T03:17:40.000Z
1393999134600925186,@penguin_defi,Penguins without Borders is live! Start donating $AVAX or $PEFI to our friends in India and get rewarded with our first limited-edition NFT collectibles! Retweet and help us raise as much awareness as possible! Donate here! https://penguinfinance.org/emperor,8,144,0,2021-05-16T18:37:47.000Z
1393975191080898561,@CryptoRelief_,"Our community continues to grow stronger with every passing day. If you're new here, welcome! It's great to meet you! Onward and upward",7,7,0,2021-05-16T17:02:39.000Z
1393831310867664900,@IndiaToday,What is India's Covid crypto reflief fund? @Chaiti explains. #ITVideo #CryptoReliefFund #CryptoCurrency,20,102,0,2021-05-16T07:30:55.000Z
1393203533835431937,@sandeepnailwal,So this settles it. Deploying Wintermute to take the responsibility of properly manage @CryptoRelief_ $SHIB treasury to start with. We will start with a small portion initially and post the performance decide on further action.,42,75,0,2021-05-14T13:56:21.000Z
1393115470291771395,@paulg,"\"\"\"Why is this not on the front page of the New York Times?\"\" — Jessica on Vitalik Buterin's billion-dollar donation\"",138,472,0,2021-05-14T08:06:25.000Z
1393116498617643008,@nimsaw,Crypto enthusiasts are helping with #Covid19 relief efforts in their own unique way. Spoke to the team of @CryptoRelief_ on how they have operationalised this n collected over $1bn. This effort has been endorsed by @VitalikButerin @balajis among others.,3,7,0,2021-05-14T08:10:30.000Z
1392947580707897344,@SamDeBrule,Vitalik Buterin donated $1.5 *billion* worth of cryptocurrencies to non-profits • @GiveWell : 13k ETH • @mfoundation : 1k ETH and 430 billion ELON • @MIRIBerkeley : 1k ETH • @CryptoRelief_ : 500 ETH and 50.6 trillion SHIB • multisig: 49 trillion AKITA • @CCIdotCity : 500 ETH,2,14,0,2021-05-13T20:59:17.000Z
1392716428558495744,@HelloShreyas,"Impact of @CryptoRelief_ donations so far: ACT Grants: deployment of Oxygen concentrators across India Masoom Charitable Trust: installation of O2 plant at govt hospital in MP Round Table India Trust: 5 ICU ventilators, 10k PPE Kits & 100k N95 masks https://cryptorelief.in/transparency",3,13,0,2021-05-13T05:40:46.000Z
1392932046931120131,@realvicandy,#ShibForIndia,0,4,0,2021-05-13T19:57:34.000Z
1392588666078380038,@BusinessInsider,Ethereum founder @VitalikButerin just donated over $1 billion to the India COVID-Crypto Relief Fund ( @CryptoRelief_ ). Here's how — and why — he created one of the world’s largest cryptocurrencies,13,105,0,2021-05-12T21:13:05.000Z
1392861586491019268,@vthemehra1,Did a little writing.,0,4,0,2021-05-13T15:17:34.000Z
1392847115387346944,@zebpay,"Crypto Relief Fund is a story that re-emphasis strength in unity. Today, the @CryptoRelief_ is all but completely a decentralized autonomous organisation. It is a 1,000+ members strong, all united by a singular mission Know more https://zebpay.com/blog/the-crypto-relief-story/…",7,6,0,2021-05-13T14:20:04.000Z
1392909248703582208,@12xEBITDA,Came to your profile after seeing your generous crypto donation to @CryptoRelief_ . Really appreciate your effort to help us in these difficult times. Thank you on behalf of all the Indians,0,1,0,2021-05-13T18:26:58.000Z
1392553273299804166,@NourHaridy,Vitalik donates one fucking billion dollars to India Covid Relief https://etherscan.io/tx/0xb65bcbb85c1633b0ab4e4886c3cd8eeaeb63edbb39cacdb9223fdcf4454fd2c7…,171,927,0,2021-05-12T18:52:27.000Z
1392841766844338176,@sandeepnailwal,"Thanks Wintermute for the proposal (Linked in thread)! Let's put it to community vote. AFAIK, Wintermute is a reputed & responsible Market Maker(MM). They work w/ many bluechip projects. Q : Should @CryptoRelief_ align Wintermute to handle $SHIB donated by @VitalikButerin ?",44,50,0,2021-05-13T13:58:49.000Z
1392887408283193348,@CryptoRelief_,"Translation: The organization that received the donation from @VitalikButerin has said that they will convert the $SHIB in a staggered manner and with care, so as not to affect the community of holders in Shiba.",12,25,0,2021-05-13T17:00:11.000Z
1392451465394888706,@CryptoRelief_,"Never forget, every bit of help matters. We're creating this thread to celebrate our little wins, and to remind us and you, that the work we do makes a difference. (1/x)",3,13,0,2021-05-12T12:07:54.000Z
1392451469769547778,@CryptoRelief_,"\"\"\"Previously out of 35 ICU beds",only 19 had ventilators. Now almost all the ICU-admitted patients get immediate ventilatory support. In spite of 35 severely ill patients in the ICU,"there have been no deaths in the last 24 hours.\"\" ~ KD Medical College","Mathura (2/x)\"",2
1392161831167283201,@dhillonpost,"If ALL Indian citizens can come out in big numbers to get vaccinated, it would take us a long way in this war against Covid. Good luck @CryptoRelief_ #vaccinate @sandeepnailwal @a__punit @imTMangi @ParullSh @dileepseinberg",1,1,0,2021-05-11T16:57:00.000Z
1392190451482984449,@Benioff,CEOs must shift from being focused only on shareholders to being focused on all stakeholders. That’s why we are is landing planes with oxygen concentrators this week in India. Because our Indian brother & sisters are key stakeholders of Salesforce.,33,107,0,2021-05-11T18:50:43.000Z
1391945049869484032,@IAF_MCC,"#IndiaFightsCorona An IAF IL-76 airlifted oxygen containers from Jakarta. Transfer of personnel of Indonesia's defence forces on completion of Service courses in India was also undertaken. Airlift of medical supplies from France, Singapore, Amsterdam & within India continues.",45,774,0,2021-05-11T02:35:35.000Z
1392095856623591425,@PersistenceOne,Very kind gesture by @tendermint_team . It will help to amplify the COVID relief efforts by the @CryptoRelief_ team (being lead by @sandeepnailwal ). We are proud to see huge support pouring in from the @cosmos ecosystem. #TogetherForIndia,5,8,0,2021-05-11T12:34:50.000Z
1392072185355833349,@sandeepnailwal,"Special thanks from @CryptoRelief_ team to @abhitezsingh , Co-founder @PersistenceOne for rallying support for this within @cosmos community",1,7,0,2021-05-11T11:00:47.000Z
1392061634345058308,@sandeepnailwal,Thanks @tendermint_team and @cosmos community for contributing to @CryptoRelief_ . Big thanks on behalf people of India,4,17,0,2021-05-11T10:18:51.000Z
1391997181012320259,@swastika24,This is working. Personally verified by a friend. #BANGALORE,3,102,0,2021-05-11T06:02:44.000Z
1391996095098720256,@ResourcesBot,Here's a list of recent resources for icu in Bangalore: https://twitter.com/FoundationRayan/status/1391856291371315200… https://twitter.com/FoundationRayan/status/1391855972113518594… https://twitter.com/Bikuengr/status/1391833832416940035… https://twitter.com/karthik_aaren/status/1391814901337710598… https://twitter.com/smitabahuguna/status/1391804707564228613… Find more resources at http://resourcesbot.surge.sh,0,4,0,2021-05-11T05:58:25.000Z
1391901232101531649,@Allinbits_inc,"We were saddened to hear a/ the heartbreaking Covid-19 situation in India and decided to make a 5000 $ATOM donation. As one of the core @cosmos contributors, we understand how important communities are and how we need to protect the most vulnerable ones. https://mintscan.io/cosmos/txs/A9633A806EE9FBCDCC72247A565133894B406E5546C55B25EB9D4EB14042B089…",8,70,0,2021-05-10T23:41:28.000Z
1390668823410339842,@CryptoArtIndia,Last 3 hours 30 minutes to bid. A collaboration of 44 artists 100% proceeds will go to @CryptoRelief_ to help India Appreciate your support @makersplaceco,1,29,0,2021-05-07T14:04:19.000Z
1390384583070281728,@CryptoRelief_,"Transparency Update: We are swapping the $DOGE with $USDC. The funds will be transferred to this account for an intermediate process. DBEEPcfgwERT5fiViE4KoFpyg8RumH38XU Once swapped, USDC will be returned to the main donation wallet. (1/n)",27,23,0,2021-05-06T19:14:51.000Z
1390395106901979136,@CryptoRelief_,"Total USDT received 2,908,620.43543008 (4/n)",1,2,0,2021-05-06T19:56:40.000Z
1390574407001669633,@CryptoRelief_,Transfer completed. All the funds are now transferred to our Donation Gnosis Wallet. (5/n) https://etherscan.io/tx/0xdcf8e831765bec13dca185a12f94c040bbdf11edf18cb750013aae935c453f15…,0,0,0,2021-05-07T07:49:08.000Z
1390413681691856896,@ParikPatelCFA,"The COVID situation in India really saddens me. To help raise funds, I’m officially announcing my first ever NFT. Bidding starts now thru 5/13. 100% of the $ will be donated to @CryptoRelief_ . Calling all crypto millionaires, own a piece of Dr. PP today! https://v.cent.co/tweet/1341030141468786698…",65,150,0,2021-05-06T21:10:29.000Z
1390389087266353160,@sandeepnailwal,"\"Heads down working on @0xPolygon and @CryptoRelief_ , so much workload, & I just receive a random message from @VitalikButerin : \"\"Hey","I donated some more\"\" I check & the man donated another $3M! @vbuterin you are a living legend & a hero of the whole community! 1/3\"",72,545,0
1390510013110644737,@CryptoRelief_,"The support we see pouring in has us humbled, and working hard to ensure we help as many lives as possible #NFTCommunity #NFTs #CryptoRelief",0,1,0,2021-05-07T03:33:16.000Z
1390377096061493248,@CryptoRelief_,Great to see @VitalikButerin donating some of his $DOGE to help India! We appreciate the generosity,14,53,0,2021-05-06T18:45:06.000Z
1390319925151952902,@CryptoRelief_,Speaking our language.... Thank you for all the heart #IndiaNeedsOxygen #CryptoRelief #CryptoVsCovid,0,2,0,2021-05-06T14:57:55.000Z
1389792632071671808,@JoelakaMaG,"if you meditate, give to India COVID relief. if you use yoga, give to India COVID relief. if you use sound bowls, give to India COVID relief. if you practice mindfulness, give to India COVID relief. it is our job to feed the cultures we benefit from.",35,"1,235",0,2021-05-05T04:02:39.000Z
1390255435278548999,@COVIDNewsByMIB,"#IndiaFightsCorona #INSKOCHI carrying 60 MT Liquid #MedicalOxygen , 800 #Oxygen Cylinders, 2 Oxygen concentrators departs from Kuwait to India. Cumulative dispatch for the day of 100 MT and 1400 O2 cylinders. #Unite2FightCorona #StaySafe",2,22,0,2021-05-06T10:41:40.000Z
1390206152227520518,@CryptoRelief_,"A reminder that the #IndiaFightsCOVID19 battle is nowhere close to over yet. Please don't hesitate to donate your time, money, efforts, while there are still many lives that can be saved #CryptoRelief #COVID19 #COVIDSecondWave #IndiaChoked @COVIDNewsByMIB",1,4,0,2021-05-06T07:25:50.000Z
1389829219547369474,@ianuragthakur,"Dear Importers, Importing COVID19 related equipments or medicaments through courier; here’s how it can be expeditiously done:",71,397,0,2021-05-05T06:28:02.000Z
1389586982809047055,@smritiirani,"*IMPORTANT Thread* If you come to know of any child who has lost both parents to COVID and has no one to take care of her/him, inform Police or Child Welfare Committee of your district or contact Childline 1098. It is your legal responsibility.","1,646","7,200",0,2021-05-04T14:25:28.000Z
1388364764980543491,@MajorPoonia,"2,99,988 patient recovered from Covid in the last 24 hours,highest ever in one day. #IndiaFightsCOVID19",64,"1,382",0,2021-05-01T05:28:49.000Z
1389116888618176512,@hgsdhaliwalips,"My daughter after her Covid ICU duty at LNJP hospital today morning! Truly humbling to see the frontline medicos performing their duties with passion, sincerity and cheer. All of us need to help & support in our individual capacity to win this battle! #IndiaFightsCOVID19 #COVID",426,"1,640",0,2021-05-03T07:17:29.000Z
1389574019880427520,@CryptoArtIndia,18 editions have found their collectors already. Thank you so much for your support. You can help us by sharing this work and getting us more eyes,1,10,0,2021-05-04T13:33:58.000Z
1389459381150883846,@CryptoRelief_,Thanks to the big guns coming out to support us: donate today >> http://cryptorelief.in #CryptoRelief #CryptoVsCovid #IndiaNeedsOxygen #IndiaFightsCOVID19,0,2,0,2021-05-04T05:58:26.000Z
1389458923837612033,@CryptoRelief_,"Thanks for the hotfix - here's to more donations, more good work! #CryptoRelief",0,0,0,2021-05-04T05:56:36.000Z
1389432613044031488,@CryptoRelief_,"Our heart goes out to all the front-liners who work tirelessly to make India better All of us at http://cryptorelief.in, we salute you, the original heroes #CryptoRelief #IndiaFightsCOVID19 #CryptoVsCovid",1,4,0,2021-05-04T04:12:04.000Z
1389280568647376897,@riteek,"#NFT4COVID This photograph (0.1ETH) from Pushkar, India is up for sale with 50% of the proceeds going to @CryptoRelief_ Let's come together to fund this noble initiative by @sandeepnailwal and @0xPolygon for #CovidHelp in India. https://opensea.io/assets/0x495f947276749ce646f68ac8c248420045cb7b5e/106469832515937928350001713622548027496733716974114222810239138880395589713921… #NFT #NFTPhotography",0,1,0,2021-05-03T18:07:53.000Z
1389272009356439552,@CryptoRelief_,Let's come together and donate while we can still save lives. Visit our website & know everything about us and what we're doing. In this together #IndiaFightsCOVID19 #CovidVSCrypto #IndiaFightsCorona,3,5,0,2021-05-03T17:33:53.000Z
1389259634461102082,@sandeepnailwal,"@medikabazaar powers over 200,000 medical establishments and healthcare professionals globally - from large hospitals, to clinics and independent practitioners. With them in our corner, our supply chain becomes more effective at shipping out supplies to those who need them (3/3)",0,4,0,2021-05-03T16:44:42.000Z
1389259632707784706,@sandeepnailwal,"With @medikabazaar onboard as a verified supplier, we now have greater ability to move the supplies to the needy. After @brijbhasin was kind enough to connect us, @supervivekt didn’t hesitate to extend a line of credit to us and our work. https://twitter.com/sandeepnailwal/status/1388032937770119174… (2/3)",1,5,0,2021-05-03T16:44:42.000Z
1389073842643996673,@CryptoRelief_,"\"Great thread + great sentiment - \"\"Every Satoshi counts\"\"! You can give as little as $5 Stablecoin/ $ETH/ $BTC/ other #cryptocurrency and know that you're a part of a larger movement; for the greater good in this battle of #CryptoVsCovid #IndiaFightsCOVID19 #CryptoRelief\"",0,4,0,2021-05-03T04:26:26.000Z
1389069462544871424,@CryptoRelief_,"With companies like @Medikabazaar & @Aknamed_IN getting associated with us, we will be having a lot of movability in supplying the goods to our requesting organisations #indiafightscorona #IndiaFightsCOVID19 #Covidvscrypto #cryptocurrency",1,1,0,2021-05-03T04:09:02.000Z
1388915343742193665,@sandeepnailwal,I was in this virtual event to promote at work by @SomniumSpace artist community. Thanks for all the support for @CryptoRelief_,1,9,0,2021-05-02T17:56:37.000Z
1388926028370694145,@CryptoArtIndia,Amazing talk with @SomniumSpace @sandeepnailwal and @l_am_potato_l and we also get to know a bit more inside the main idea behind @CryptoRelief_ Thank you everyone who joined and supported this since the very start! This is available on @makersplaceco now,1,17,0,2021-05-02T18:39:04.000Z
1388805740211572741,@CryptoArtIndia,"Inviting collectors, DAOs & curators to bid and be a part of history with us! 1/1 NFT made by 44 artists up for bidding on @makersplaceco https://makersplace.com/mitrai/warriors-of-hope-1-of-1-65851/… 48 Indian artists, 2 collab NFTs, proceeds to be donated to @CryptoRelief_ #CovidvsCrypto #CryptoRelief #NFT4COVID",7,122,0,2021-05-02T10:41:05.000Z
1388034358242467844,@actgrants,"Deep gratitude to @cryptoRelief_ & @sandeepnailwal for their contribution to @actgrants and supporting our endeavour to ensure critical medical supplies reach hospitals across #India. Pitch in, be a co-founder of hope & change: http://actgrants.in/donate/",6,21,0,2021-04-30T07:35:54.000Z
1388582449437757440,@CryptoRelief_,"Announcement We're happy to announce our association with Medikabazaar & Akna Medical Pvt Ltd (Aknamed) as verified suppliers. With companies like these on board, we have a lot more ability to direct the required supplies to our requesting organisations @Medikabazaar @Aknamed_IN",4,13,0,2021-05-01T19:53:49.000Z
1388455060376489985,@CryptoRelief_,"Let us take this challenge, head-on. To donate & learn more, visit https://cryptorelief.in I invite you to join our team on discord, https://discord.com/invite/DhJdysXe #IndiaFightsCOVID19 #IndiaCovidCrisis #CryptoRelief",1,0,0,2021-05-01T11:27:37.000Z
1388216313936584705,@Natural_Warp,#NFT4COVID / @CryptoRelief_ Charity Event Sunday 2nd of May at 19:00 CET Gallery feature / AMA at #SomniumWEB parcel 4144 https://somniumspace.com/parcel/4144 @SomniumSpace @CryptoArtIndia @Natural_Warp,7,33,0,2021-04-30T19:38:55.000Z
1388401155634462721,@ankitkapoor96,"Excited to be contributed these 2 NFT artworks, now up for auction at @thefablesnft , all funds generated would go to @CryptoRelief_ https://thefables.io",2,13,0,2021-05-01T07:53:25.000Z
1388397646407077890,@SadBoiSurya,"So happy to be a part of #NFT4COVID collab hosted by @CryptoArtIndia .All proceeds from the sale will be donated to @sandeepnailwal for helping India Fight Covid-19. Here's my entry, 'Superheros come in PPE kits' @CryptoRelief_ #covidvscrypto #CryptoRelief #IndiaFightsCorona",2,7,0,2021-05-01T07:39:28.000Z
1387418149935591428,@pierrebourque,"'Eye On India' Less than 2 hrs to go in this #NFTart auction @withFND All proceeds to #india #covid #relief #cryptorelief If you are looking to help, here's an easy way to do it. #NFT #NFTs #OxygenEmergency @cryptorelief_ https://foundation.app/Bourque/eye-on-india-30510…",0,7,0,2021-04-28T14:47:18.000Z
1387419419178016773,@CryptoRelief_,"Finally! Can't stop us, we're here to make a difference, no matter what! Thanks to all those #crypto warries and unsung heroes who made this happen - on the blockchain and on the ground! #CryptoRelief #CryptoVsCovid #IndiaFightsCOVID19",0,5,0,2021-04-28T14:52:21.000Z
1387411213294866437,@a__punit,"Yay! Finallyyy Now we can use the funds to deploy. #Donations would have been much easier if #Indian Suppliers and #NGOs accept #Crypto. Things would have scaled up real quick! Anyways, देर आये दुरुस्त आये. Thanks @sandeepnailwal #IndiaWantsCrypto #CryptoRelief #COVID19",1,6,0,2021-04-28T14:19:44.000Z
1387370224748429313,@CryptoRelief_,That's how we roll! Folks from the @cosmos coming out to send donations to the $ATOM $ETH #Bitcoin #DonateCrypto #CryptoRelief,0,4,0,2021-04-28T11:36:52.000Z
1387364770949439490,@CryptoRelief_,Thankful for all the grunt work being put in by @FactCheckIndia on verifying all leads through all medium. This cannot have been easy; thank you for your service! https://factchecker.in/fact-check/factchecker-verified-covid-19-helplines-remdesivir-hospital-beds-oxygen-743175?infinitescroll=1… #FactChecked #CovidIndiaInfo #COVIDIndiaHelp #CryptoRelief,0,2,0,2021-04-28T11:15:12.000Z
1385194170738876419,@GoogleIndia,"Find testing centres for yourself and your loved ones with the help of Google Assistant, Google Maps, and Search in the language of your choice. Please check with a healthcare professional before getting tested for COVID-19. Visit @MoHFW_INDIA for verified information.",73,764,0,2021-04-22T11:30:00.000Z
1387361328814170115,@CryptoRelief_,Who's going to join us to match @balajis and @VitalikButerin 's donations to better assist the human race? Who's going to give us a little more of their exponential #Crypto gains for a great cause?,0,3,0,2021-04-28T11:01:31.000Z
1387360925619867651,@CryptoRelief_,"For those of you doing the good work on ground: here's a 'Green Corridor' the Indian government to fastrack sourcing, customs and such : https://docs.google.com/forms/d/e/1FAIpQLSfOLlzNdYyGRPe0F2Bv16T_ad_N45ONxCbcn5rnWC6NZgyenQ/viewform… Please RT, so this can reach max people and help them. #IndiaFightsCOVID19 #CryptoVsCovid #COVID19India",0,4,0,2021-04-28T10:59:55.000Z
1387350769574105093,@CryptoRelief_,"The #NFTCommunity unites like never before to give, own, care and contribute with the language of art #CryptoRelief #IndiaFightsCOVID19",0,0,0,2021-04-28T10:19:33.000Z
1387303411054518277,@NFTPlazas,INDIA Needs Help! NFT Plazas will be donating ALL ETH raised from NFT sales at https://rarible.com/nftplazas during the next 72 hours to @CryptoRelief_ setup by @sandeepnailwal . Help us leverage NFTs to support our Indian cousins during crisis. #Cryptorelief #nfts @Crypto888crypto,5,19,0,2021-04-28T07:11:22.000Z
1387115119520321537,@sandeepnailwal,"Vision for @CryptoRelief_ India Reactive Stages 1 - Work on getting Oxygen concentrators on the ground 2 - Work on getting the ventilator supply ready Proactive Stage 3 - Mass vaccinations, specially for Financially poor, particularly Youth as this strain doesn't differentiate",18,73,0,2021-04-27T18:43:10.000Z
1387304051314880513,@CryptoRelief_,Onwards with the brilliant #NFTCommunity who aren't afraid to move art and charity to the Blockchain world #CryptoVsCovid #CryptoRelief,0,5,0,2021-04-28T07:13:55.000Z
1387291009776635904,@BorsezInfinity,1ETH!!! That's awesome,0,2,0,2021-04-28T06:22:06.000Z
1387135051096199169,@amritpaldesign,1 ETH to Crypto Relief - 0x68A99f89E475a078645f4BAC491360aFe255Dff1 @CryptoRelief_ @sandeepnailwal,3,2,0,2021-04-27T20:02:22.000Z
1386735763988090886,@sandeepnailwal,. @CryptoRelief_ will be the official handle where we will post all the details details The early version of website is here,11,53,0,2021-04-26T17:35:45.000Z
1386948002502172672,@SSMB_CULTS_,Home Cooked Meals For Covid affected in Hyderabad Please Contact to Below Details #IndiaFightsCOVID19 #COVID19 @MBofficialTeam @MaheshFanTrends,0,247,0,2021-04-27T07:39:06.000Z
1386951772741136388,@CryptoRelief_,"Heroes aren't those who win, they're those who show up",0,1,0,2021-04-27T07:54:05.000Z
1386951588476903426,@CryptoRelief_,Please fill this in. Volunteering some hours is the least we can do during these troubling times. #IndiaFightsCorona #CryptoVsCovid,0,0,0,2021-04-27T07:53:21.000Z
1386938166276329476,@arunpudur,Breaking: #CovidIndiaInfo Some much needed Positivity India Records Highest Recoveries in a Single Day! Drop in New Cases. Drop in Deaths. Downward trend has began. Next 14 days will be critical for us to make through the second wave. #IndiaFightsBack,0,21,0,2021-04-27T07:00:01.000Z
1386908390668980228,@blsanthosh,"2 51 827 recovered . In Maharashtra , Delhi & Raipur more recoveries than new cases. 16 58 708 tests conducted . #IndiaFightsBack",54,678,0,2021-04-27T05:01:42.000Z
1386243609968611330,@CreatorsOfProd,India Covid Resources has Pan-India verified and updated resources for Covid-19. https://indiacovidresources.in You can find the latest verified resources for: Beds Medicines Oxygen Ambulances & more.,3,78,0,2021-04-25T09:00:06.000Z
1386943231481442304,@itsgsingh,"Heartbroken by the current situation in India. If you can, pls donate to orgs like @Khalsa_Aid @Hemkunt_Fdn @actgrants @CryptoRelief_ who are at the forefront in the fight against #COVID19 Hope the govt wakes up and get their priorities right https://aljazeera.com/news/2021/4/26/world-reacts-to-indias-catastrophic-covid-surge…",0,1,0,2021-04-27T07:20:09.000Z
1386942676088414213,@TheRishabhAnand,"We Donated $10K USD: https://etherscan.io/tx/0x36c8d7fd47643ebcdaa55fc62b3988576c9444e21f2d4b55d111937860eab939… @graphlinq_proto We encourage everyone to do their part, if not donate, then the least you can do is retweet so more people get aware and do the needful. #cryptorelief #covidrelief @CryptoRelief_",2,4,0,2021-04-27T07:17:56.000Z
1386749464954609665,@a__punit,"Next step is to convert them to fiat and distribute the funds to critical organizations providing critical COVID support in India. Disbursements will be made public. People willing to volunteer in this initiative, join us on https://discord.gg/CNvccBmy [2/n]",2,3,0,2021-04-26T18:30:11.000Z
1386749058086162433,@a__punit,Happy to announce that we are (and will be) converting all the recvd funds ~$2.5 million (in 50+ tokens) into USDC. Details of all the transactions can be checked on respective explorers here: https://airtable.com/shrNlLAug3xk8SDV7/tblKbpPp90cnKF8rz… #cryptoRelief #cryptovscovid [1/n],1,4,0,2021-04-26T18:28:34.000Z
1386391668635537411,@voxodeus,"Please support @sandeepnailwal , amazing to see crypto enabling swift, borderless Covid relief for India. Props to @balajis for sharing, we'd love to get this picked up by @garyvee , @naval & @MrBeast We've donated 6.313ETH - a little support from our 6313 #Voxos #cryptovscovid",4,33,0,2021-04-25T18:48:26.000Z
1386288771872673793,@balajis,"If you’ve been fortunate enough to do well this year, consider joining me and @VitalikButerin by donating at the addresses below. But if all you have is Twitter, help spread the word. For every RT, I’ll donate another $50 to fight COVID in India, up to $100k. #cryptovscovid",791,10.6K,0,2021-04-25T11:59:33.000Z
1386290316395745284,@balajis,Vitalik has donated to the campaign organized by @sandeepnailwal of Polygon on behalf of the global crypto community. Sandeep is a reputable person and has excellent accountants pitching in to make sure disbursal of funds is tracked. #cryptovscovid,14,148,0,2021-04-25T12:05:42.000Z
1386792389495476225,@AndesinLondon,Good man. Am also making a donation (but not matching!),0,1,0,2021-04-26T21:20:45.000Z
1386791423404503044,@arrington,This is fantastic @JTLonsdale . I'll match your donation.,11,64,0,2021-04-26T21:16:55.000Z
1386930578927194113,@tanvi_ratna,Always happy to support innovators looking to make a difference this is a regulatorily challenging undertaking,0,1,0,2021-04-27T06:29:52.000Z
1386914596741550080,@CryptoRelief_,Thanks for all your faith @DamianAdrianLee it won't go to waste #CryptoVsCovid and #Crypto will previal!,0,0,0,2021-04-27T05:26:22.000Z
1386349092448604163,@path2shah,Mercy Angels ( Tanveer Ahmed & Annie Morris ) of #Bengaluru carrying coffin for burial of #COVID19 deadbody.. Mercy Angels group (40 volunteers) have till now performed last rites of more than 1200 covid19 deadbodies . ... Salute.,26,189,0,2021-04-25T15:59:15.000Z
1386912915182211073,@FlyGuyInTheSky,"@CryptoRelief_ If every one of the Eth 2.0 Validators donated just a days worth of validating then it would raise. $1,853,370 crazy sums. Gas is cheap.",0,1,0,2021-04-27T05:19:41.000Z
1386901398801948673,@CryptoRelief_,Thank you for your efforts @tanvi_ratna it helps #IndiaFightsBack,1,0,0,2021-04-27T04:33:55.000Z
